{
  "speed_low_q35": 8.208879483978329,
  "thrust_high_q70": 9009.37558418079,
  "torque_high_q70": 1546.7686647078779,
  "stop_high_q65": 0.7592490336830481,
  "speed_std_high_q70": 20.438458715179465,
  "geo_prior_mid_q": 7.258835208471211,
  "geo_prior_high_q": 8.05883520847121
}