{
  "train_auc": 0.9859090909090908,
  "test_auc": 0.9661654135338346,
  "test_ap": 0.9224624708432827,
  "test_confusion_matrix": [
    [
      41,
      1
    ],
    [
      5,
      14
    ]
  ],
  "test_classification_report": {
    "0": {
      "precision": 0.8913043478260869,
      "recall": 0.9761904761904762,
      "f1-score": 0.9318181818181818,
      "support": 42.0
    },
    "1": {
      "precision": 0.9333333333333333,
      "recall": 0.7368421052631579,
      "f1-score": 0.8235294117647058,
      "support": 19.0
    },
    "accuracy": 0.9016393442622951,
    "macro avg": {
      "precision": 0.9123188405797101,
      "recall": 0.856516290726817,
      "f1-score": 0.8776737967914439,
      "support": 61.0
    },
    "weighted avg": {
      "precision": 0.9043953433119506,
      "recall": 0.9016393442622951,
      "f1-score": 0.8980888927851319,
      "support": 61.0
    }
  }
}